,Player ID,Name,Last_Name,Team,Position,Cost_Today,Minutes,Avail,Gameweek,Form_player_xG_norm,Form_TeamxG_against_norm,FDI_1,FDI_2,FDI_3,FDI_4,FDI_5
70,3,Gabriel,Gabriel,Arsenal,DEF,64,90,a,24,2.0776627218934913,2.4245283018867925,19.59143968871595,38.15175097276264,55.062256809338514,72.59143968871595,88.57392996108949
94,4,Kai,Havertz,Arsenal,FWD,78,89,i,24,2.8986686390532546,2.4245283018867925,42.85888630600169,83.33672337278107,113.81415363482671,149.52989222316145,190.0077292899408
142,6,Jurriën,J.Timber,Arsenal,DEF,56,90,a,24,2.022189349112426,2.4245283018867925,19.59143968871595,38.15175097276264,55.062256809338514,72.59143968871595,88.57392996108949
214,9,Gabriel,Martinelli,Arsenal,MID,67,90,i,24,2.3772189349112427,2.4245283018867925,32.092455621301774,62.40199704142012,85.22329881656805,111.96701183431952,142.27655325443786
310,13,Martin,Ødegaard,Arsenal,MID,82,83,a,24,2.3106508875739644,2.4245283018867925,31.19378698224852,60.65458579881656,82.83683431952662,108.83165680473371,138.29245562130177
334,14,Aaron,Ramsdale,Southampton,GK,44,90,a,24,2.0,4.264150943396226,4.690265486725664,11.139380530973453,17.23672566371682,23.68584070796461,31.014380530973458
358,15,David,Raya,Arsenal,GK,55,90,a,24,2.0,2.4245283018867925,19.59143968871595,38.15175097276264,55.062256809338514,72.59143968871595,88.57392996108949
382,16,Declan,Rice,Arsenal,MID,62,90,a,24,2.106508875739645,2.4245283018867925,28.889264581572274,56.17357001972387,76.7170470555086,100.79143420681882,128.0757396449704
430,18,William,Saliba,Arsenal,DEF,62,90,a,24,2.0,2.4245283018867925,19.59143968871595,38.15175097276264,55.062256809338514,72.59143968871595,88.57392996108949
454,19,Emile,Smith Rowe,Fulham,MID,52,71,a,24,2.6102071005917162,2.19811320754717,25.853479853479858,49.71823048746126,79.9469146238377,115.7440405748098,137.62006198929276
478,20,Thomas,Thomas,Arsenal,MID,49,90,a,24,2.084319526627219,2.4245283018867925,27.69167371090448,53.844921104536496,73.53677796562413,96.61317272471119,122.7664201183432
550,23,Leandro,Trossard,Arsenal,MID,68,83,a,24,2.2618343195266273,2.4245283018867925,34.41219357565512,66.9125986193294,91.38349182868416,120.06031980839676,152.56072485207102
1006,42,Boubacar,Kamara,Aston Villa,MID,50,90,a,24,2.0931952662721893,2.9905660377358494,26.513806706114398,53.027613412228796,70.88954635108482,90.42603550295858,112.05571992110454
1054,44,Ezri,Konsa,Aston Villa,DEF,44,90,d,24,2.0,2.9905660377358494,14.21135646687697,25.078864353312298,32.76971608832807,42.80126182965299,51.9968454258675
1126,47,Emiliano,Martinez,Aston Villa,GK,50,90,a,24,2.0,2.9905660377358494,14.21135646687697,25.078864353312298,32.76971608832807,42.80126182965299,51.9968454258675
1150,48,John,McGinn,Aston Villa,MID,52,90,a,24,2.011094674556213,2.9905660377358494,22.289632642998033,44.579265285996065,59.59543885601579,76.01937869822487,94.20302638067064
1294,54,Morgan,Rogers,Aston Villa,MID,56,90,a,24,2.062130177514793,2.9905660377358494,26.120315581854044,52.24063116370809,69.83747534516766,89.08402366863906,110.39270216962525
1366,57,Youri,Tielemans,Aston Villa,MID,55,90,a,24,2.3661242603550297,2.9905660377358494,32.64688116370809,65.29376232741618,87.2874506903353,111.34304733727811,137.9760293392505
1438,60,Tyler,Adams,Bournemouth,MID,49,90,a,24,2.0,3.3584905660377355,30.952380952380953,55.714285714285715,86.66666666666667,117.61904761904762,146.25
1486,62,David,Brooks,Bournemouth,MID,49,65,a,24,2.2840236686390534,3.3584905660377355,30.453648915187376,54.81656804733728,85.27021696252466,115.72386587771203,143.89349112426035
1510,63,Ryan,Christie,Bournemouth,MID,49,79,a,24,2.4171597633136095,3.3584905660377355,32.22879684418146,58.01183431952663,90.24063116370809,122.46942800788955,152.2810650887574
1534,64,Lewis,Cook,Bournemouth,MID,50,90,a,24,2.0,3.3584905660377355,26.19047619047619,47.14285714285714,73.33333333333333,99.52380952380952,123.75
1678,70,Milos,Kerkez,Bournemouth,DEF,49,90,a,24,2.026627218934911,3.3584905660377355,11.910112359550562,25.308988764044948,36.623595505617985,45.55617977528091,60.44382022471912
1702,71,Justin,Kluivert,Bournemouth,MID,58,90,a,24,3.220414201183432,3.3584905660377355,70.5424063116371,126.97633136094677,197.51873767258388,268.06114398422096,333.31286982248525
1774,74,Dango,O.Dango,Bournemouth,MID,50,90,a,24,2.787721893491124,3.3584905660377355,50.44449140602986,90.80008453085375,141.24457593688362,191.6890673429135,238.35022189349112
1870,78,Antoine,Semenyo,Bournemouth,MID,56,90,a,24,2.6102071005917162,3.3584905660377355,46.61084108199493,83.89951394759086,130.51035502958578,177.1211961115807,220.23622411242602
2038,85,Illia,Zabarnyi,Bournemouth,DEF,44,90,a,24,2.0776627218934913,3.3584905660377355,11.910112359550562,25.308988764044948,36.623595505617985,45.55617977528091,60.44382022471912
2062,86,Kristoffer,Ajer,Brentford,DEF,44,75,a,24,2.033284023668639,3.5849056603773586,10.460526315789473,20.921052631578945,30.684210526315788,40.44736842105263,47.07236842105263
2110,88,Nathan,Collins,Brentford,DEF,45,90,a,24,2.0554733727810652,3.5849056603773586,10.460526315789473,20.921052631578945,30.684210526315788,40.44736842105263,47.07236842105263
2134,89,Mikkel,Damsgaard,Brentford,MID,50,90,a,24,2.1775147928994083,3.5849056603773586,24.10819949281488,48.21639898562976,74.57469709777402,100.29010989010989,113.14781628627783
2254,94,Vitaly,Janelt,Brentford,MID,49,65,a,24,2.039940828402367,3.5849056603773586,19.306582840236686,38.61316568047337,59.72169625246548,80.3153846153846,90.61222879684416
2350,98,Keane,Lewis-Potter,Brentford,MID,50,90,a,24,2.033284023668639,3.5849056603773586,20.695926669484365,41.39185333896873,64.0193998309383,86.09505494505495,97.13288250211328
2374,99,Bryan,Mbeumo,Brentford,MID,79,90,a,24,3.0539940828402363,3.5849056603773586,32.72136517328825,65.4427303465765,101.21808960270498,136.12087912087912,153.5722738799662
2422,101,Christian,Nørgaard,Brentford,MID,48,83,a,24,2.1508875739644973,3.5849056603773586,22.661136939983095,45.32227387996619,70.09845026768105,94.27032967032969,106.35626937165401
2542,106,Kevin,Schade,Brentford,MID,51,90,a,24,2.3106508875739644,3.5849056603773586,25.58220625528318,51.16441251056636,79.13429134967596,106.42197802197802,120.06582135812906
2614,109,Hákon,Valdimarsson,Brentford,GK,39,90,a,24,2.0,3.5849056603773586,10.460526315789473,20.921052631578945,30.684210526315788,40.44736842105263,47.07236842105263
2638,110,Yoane,Wissa,Brentford,FWD,63,90,a,24,3.5976331360946743,3.5849056603773586,37.903634826711745,75.80726965342349,117.24857706396166,157.67912087912086,177.89439278670045
2878,120,Lewis,Dunk,Brighton,DEF,42,90,d,24,2.0,3.1037735849056602,8.05471124620061,21.747720364741642,28.19148936170213,36.246200607902736,48.73100303951368
2902,121,Julio,Enciso,Brighton,MID,54,88,a,24,2.2263313609467454,3.1037735849056602,21.070636094674555,44.950690335305715,62.930966469428,79.78747534516765,103.6675295857988
3142,131,Tariq,Lamptey,Brighton,DEF,44,90,a,24,2.0554733727810652,3.1037735849056602,8.05471124620061,21.747720364741642,28.19148936170213,36.246200607902736,48.73100303951368
3238,135,Yankuba,Minteh,Brighton,MID,50,90,a,24,2.5502958579881656,3.1037735849056602,28.23541842772612,60.235559312482394,84.32978303747535,106.91811777965624,138.91825866441252
3454,144,Jan Paul,Van Hecke,Brighton,DEF,45,90,a,24,2.0776627218934913,3.1037735849056602,8.05471124620061,21.747720364741642,28.19148936170213,36.246200607902736,48.73100303951368
3478,145,Joël,Veltman,Brighton,DEF,44,90,a,24,2.039940828402367,3.1037735849056602,8.05471124620061,21.747720364741642,28.19148936170213,36.246200607902736,48.73100303951368
3502,146,Bart,Verbruggen,Brighton,GK,45,90,a,24,2.0,3.1037735849056602,8.05471124620061,21.747720364741642,28.19148936170213,36.246200607902736,48.73100303951368
3550,148,Danny,Welbeck,Brighton,FWD,55,72,a,24,2.2662721893491122,3.1037735849056602,21.448647506339814,45.7571146801916,64.05996055226824,81.21887855734009,105.52734573119187
3646,152,Kepa,Arrizabalaga,Bournemouth,GK,45,90,a,24,2.0,3.3584905660377355,11.910112359550562,25.308988764044948,36.623595505617985,45.55617977528091,60.44382022471912
3767,157,Moisés,Caicedo,Chelsea,MID,49,90,a,24,2.011094674556213,2.9905660377358494,22.84028951817413,41.87386411665258,64.20659164553396,88.31578613693999,104.17709830233869
3887,162,Levi,Colwill,Chelsea,DEF,45,90,a,24,2.088757396449704,2.9905660377358494,10.86750788643533,18.39116719242902,34.10725552050473,49.15457413249211,58.35015772870662
3911,163,Marc,Cucurella,Chelsea,DEF,51,90,a,24,2.621301775147929,2.9905660377358494,10.86750788643533,18.39116719242902,34.10725552050473,49.15457413249211,58.35015772870662
4031,168,Enzo,Enzo,Chelsea,MID,48,90,a,24,2.399408284023669,2.9905660377358494,28.278740490278953,51.844357565511416,79.49468160045083,109.34446322907861,128.982477458439
4367,182,Cole,Palmer,Chelsea,MID,113,89,a,24,2.687869822485207,2.9905660377358494,38.590131022823336,70.74857354184277,108.48114609749226,149.2151732882502,176.01387538743307
4487,187,Tosin,Tosin,Chelsea,DEF,42,90,a,24,2.2707100591715976,2.9905660377358494,10.86750788643533,18.39116719242902,34.10725552050473,49.15457413249211,58.35015772870662
4511,188,Lesley,Ugochukwu,Southampton,MID,44,80,a,24,2.026627218934911,4.264150943396226,16.21301775147929,31.074950690335303,43.50493096646942,54.31360946745561,71.20216962524654
4583,191,Joachim,Andersen,Fulham,DEF,42,90,a,24,2.062130177514793,2.19811320754717,14.785407725321889,30.70815450643777,49.36051502145922,67.55793991416309,81.77467811158797
4607,192,Jordan,J.Ayew,Leicester,MID,52,90,a,24,2.2662721893491122,3.5283018867924527,13.112003381234151,32.05156382079459,52.4480135249366,67.01690617075232,78.6720202874049
4655,194,Chris,C.Richards,Crystal Palace,DEF,44,90,a,24,2.026627218934911,2.6792452830188678,13.996478873239438,28.926056338028168,43.109154929577464,56.17253521126761,69.23591549295774
4799,200,Marc,Guéhi,Crystal Palace,DEF,46,90,a,24,2.099852071005917,2.6792452830188678,13.996478873239438,28.926056338028168,43.109154929577464,56.17253521126761,69.23591549295774
4823,201,Dean,Henderson,Crystal Palace,GK,45,90,a,24,2.0,2.6792452830188678,13.996478873239438,28.926056338028168,43.109154929577464,56.17253521126761,69.23591549295774
4871,203,Will,Hughes,Crystal Palace,MID,49,87,a,24,2.0665680473372783,2.6792452830188678,25.24165257819104,44.87404902789518,71.2375528317836,95.07689137785292,106.29540363482671
4943,206,Jefferson,Lerma,Crystal Palace,MID,48,90,a,24,2.062130177514793,2.6792452830188678,23.41990701606086,41.63539025077486,66.09618202310509,88.21498309382923,98.62383065652295
4967,207,Jean-Philippe,Mateta,Crystal Palace,FWD,74,90,a,24,4.201183431952662,2.6792452830188678,74.72104818258664,132.83741899126514,210.8794026486334,281.449281487743,314.6586362355593
5039,210,Tyrick,Mitchell,Crystal Palace,DEF,48,87,a,24,2.16198224852071,2.6792452830188678,13.996478873239438,28.926056338028168,43.109154929577464,56.17253521126761,69.23591549295774
5063,211,Daniel,Muñoz,Crystal Palace,DEF,48,90,a,24,2.0665680473372783,2.6792452830188678,13.996478873239438,28.926056338028168,43.109154929577464,56.17253521126761,69.23591549295774
5207,217,Abdoulaye,A.Doucoure,Everton,MID,51,90,s,24,2.543639053254438,2.5943396226415096,24.01316391941392,42.48482847280924,68.34515884756269,86.81682340095801,112.67715377571147
5208,217,Abdoulaye,A.Doucoure,Everton,MID,51,90,s,24,2.4881656804733727,2.509433962264151,22.334249084249084,39.514440687517606,63.56670893209355,80.74690053536207,104.79916877993801
5232,218,Norberto Bercique,Beto,Everton,FWD,49,87,a,24,2.3727810650887573,2.5943396226415096,23.134615384615387,40.930473372781066,65.84467455621302,83.6405325443787,108.55473372781066
5233,218,Norberto Bercique,Beto,Everton,FWD,49,90,a,24,2.7322485207100593,2.509433962264151,29.599358974358974,52.3680966469428,84.24432938856016,107.01306706114399,138.88929980276134
5257,219,Jarrad,Branthwaite,Everton,DEF,48,90,a,24,2.2041420118343193,2.5943396226415096,9.636363636363635,28.909090909090907,40.08727272727272,51.65090909090908,70.92363636363635
5258,219,Jarrad,Branthwaite,Everton,DEF,48,90,a,24,2.128698224852071,2.509433962264151,9.962406015037594,29.887218045112782,41.44360902255639,53.3984962406015,73.32330827067669
5332,222,Idrissa,Gana,Everton,MID,48,90,a,24,2.026627218934911,2.5943396226415096,20.38690476190476,36.06913919413919,58.024267399267394,73.70650183150182,95.66163003663003
5333,222,Idrissa,Gana,Everton,MID,48,76,a,24,2.0044378698224854,2.509433962264151,20.163690476190478,35.67422161172161,57.388965201465204,72.89949633699634,94.61423992673993
5357,223,James,Garner,Everton,MID,49,81,a,24,2.022189349112426,2.5943396226415096,16.899725274725277,29.899513947590876,48.099218089602715,61.09900676246831,79.29871090448015
5358,223,James,Garner,Everton,MID,49,86,a,24,2.022189349112426,2.509433962264151,17.525641025641026,31.0069033530572,49.88067061143984,63.361932938856015,82.23570019723866
5383,224,Jack,Harrison,Everton,MID,52,65,a,24,2.088757396449704,2.509433962264151,16.16300366300366,28.596083403775708,46.00239504085657,58.43547478162861,75.84178641870948
5557,231,Vitalii,Mykolenko,Everton,DEF,44,87,a,24,2.048816568047337,2.5943396226415096,9.636363636363635,28.909090909090907,40.08727272727272,51.65090909090908,70.92363636363635
5558,231,Vitalii,Mykolenko,Everton,DEF,44,90,a,24,2.048816568047337,2.509433962264151,9.962406015037594,29.887218045112782,41.44360902255639,53.3984962406015,73.32330827067669
5582,232,Iliman,Ndiaye,Everton,FWD,55,90,i,24,2.9763313609467454,2.5943396226415096,33.16483516483517,58.676246830092985,94.39222316145393,119.90363482671174,155.6196111580727
5656,235,Jordan,Pickford,Everton,GK,51,90,a,24,2.0,2.5943396226415096,9.636363636363635,28.909090909090907,40.08727272727272,51.65090909090908,70.92363636363635
5657,235,Jordan,Pickford,Everton,GK,51,90,a,24,2.0,2.509433962264151,9.962406015037594,29.887218045112782,41.44360902255639,53.3984962406015,73.32330827067669
5681,236,James,Tarkowski,Everton,DEF,48,90,a,24,2.128698224852071,2.5943396226415096,9.636363636363635,28.909090909090907,40.08727272727272,51.65090909090908,70.92363636363635
5682,236,James,Tarkowski,Everton,DEF,48,90,a,24,2.1775147928994083,2.509433962264151,9.962406015037594,29.887218045112782,41.44360902255639,53.3984962406015,73.32330827067669
5756,239,Adama,Adama,Fulham,MID,47,87,a,24,2.2995562130177514,2.19811320754717,20.28537087912088,39.010328613694,62.728608410819945,90.81604501267962,107.98058960270498
5804,241,Calvin,Bassey,Fulham,DEF,45,90,a,24,2.2440828402366866,2.19811320754717,14.785407725321889,30.70815450643777,49.36051502145922,67.55793991416309,81.77467811158797
5876,244,Timothy,Castagne,Fulham,DEF,42,90,a,24,2.0,2.19811320754717,14.785407725321889,30.70815450643777,49.36051502145922,67.55793991416309,81.77467811158797
5948,247,Alex,Iwobi,Fulham,MID,58,78,a,24,2.133136094674556,2.19811320754717,22.118589743589745,42.53574950690336,68.3974852071006,99.02322485207101,117.73895463510848
5972,248,Bernd,Leno,Fulham,GK,50,90,a,24,2.0,2.19811320754717,14.785407725321889,30.70815450643777,49.36051502145922,67.55793991416309,81.77467811158797
5996,249,Saša,Lukić,Fulham,MID,48,90,a,24,2.337278106508876,2.19811320754717,20.618131868131872,39.65025359256129,63.757607776838555,92.30579036348269,109.75190194420965
6068,252,Raúl,Raúl,Fulham,FWD,56,72,a,24,2.6479289940828403,2.19811320754717,24.58791208791209,47.28444632290787,76.03338968723585,110.07819103972952,130.883347421809
6140,255,Antonee,Robinson,Fulham,DEF,51,90,a,24,2.106508875739645,2.19811320754717,14.785407725321889,30.70815450643777,49.36051502145922,67.55793991416309,81.77467811158797
6308,262,Nathan,Broadhead,Ipswich,MID,49,61,a,24,2.1997041420118344,3.3867924528301883,14.97893772893773,29.95787545787546,45.753846153846155,64.81794871794872,79.79688644688645
6428,267,Leif,Davis,Ipswich,DEF,44,87,a,24,2.062130177514793,3.3867924528301883,6.643454038997215,15.50139275766017,24.949860724233986,33.06963788300836,41.18941504178274
6452,268,Liam,Delap,Ipswich,FWD,56,90,a,24,2.554733727810651,3.3867924528301883,20.0729078613694,40.1458157227388,61.31360946745562,86.86094674556213,106.93385460693153
6500,270,Jacob,Greaves,Ipswich,DEF,39,90,a,24,2.1375739644970415,3.3867924528301883,6.643454038997215,15.50139275766017,24.949860724233986,33.06963788300836,41.18941504178274
6596,274,Omari,Hutchinson,Ipswich,MID,52,90,a,24,2.1664201183431953,3.3867924528301883,15.603382995209918,31.206765990419836,47.66124260355029,67.52009368836292,83.12347668357283
6692,278,Sam,Morsy,Ipswich,MID,49,90,a,24,2.011094674556213,3.3867924528301883,14.22131234150465,28.4426246830093,43.43964497041421,61.53949704142013,75.76080938292478
6788,282,Axel,Tuanzebe,Ipswich,DEF,39,90,a,24,2.0,3.3867924528301883,6.643454038997215,15.50139275766017,24.949860724233986,33.06963788300836,41.18941504178274
6860,285,Boubakary,B.Soumaré,Leicester,MID,44,90,a,24,2.0710059171597632,3.5283018867924527,12.20414201183432,29.832347140039445,48.81656804733728,62.3767258382643,73.22485207100591
6980,290,Bobby,De Cordova-Reid,Leicester,MID,52,75,a,24,2.0,3.5283018867924527,12.0,29.333333333333332,48.0,61.33333333333333,72.0
7004,291,Wout,Faes,Leicester,DEF,39,90,a,24,2.11094674556213,3.5283018867924527,7.0855614973262036,16.296791443850267,26.216577540106954,32.593582887700535,42.51336898395722
7052,293,Mads,Hermansen,Leicester,GK,44,90,a,24,2.0,3.5283018867924527,7.0855614973262036,16.296791443850267,26.216577540106954,32.593582887700535,42.51336898395722
7100,295,James,Justin,Leicester,DEF,42,75,a,24,2.1375739644970415,3.5283018867924527,7.0855614973262036,16.296791443850267,26.216577540106954,32.593582887700535,42.51336898395722
7124,296,Victor,Kristiansen,Leicester,DEF,45,90,d,24,2.0554733727810652,3.5283018867924527,7.0855614973262036,16.296791443850267,26.216577540106954,32.593582887700535,42.51336898395722
7436,309,Harry,Winks,Leicester,MID,44,90,a,24,2.026627218934911,3.5283018867924527,11.72548605240913,28.662299239222314,46.90194420963651,59.93026204564666,70.35291631445477
7460,310,Alisson,A.Becker,Liverpool,GK,55,90,a,24,2.0,2.6226415094339623,18.111510791366904,33.36330935251798,48.99640287769783,68.06115107913668,79.97661870503596
7461,310,Alisson,A.Becker,Liverpool,GK,55,90,a,24,2.0,3.2735849056603774,14.510086455331413,26.729106628242075,39.2536023054755,54.52737752161383,64.07348703170028
7485,311,Trent,Alexander-Arnold,Liverpool,DEF,74,69,a,24,2.2440828402366866,2.6226415094339623,18.111510791366904,33.36330935251798,48.99640287769783,68.06115107913668,79.97661870503596
7734,321,Cody,Gakpo,Liverpool,FWD,76,69,d,24,2.9363905325443787,2.6226415094339623,42.78740490278952,90.6086221470837,125.84530853761623,168.63271344040575,211.42011834319527
7735,321,Cody,Gakpo,Liverpool,FWD,76,68,d,24,2.8764792899408285,3.2735849056603774,41.914412510566365,88.75993237531699,123.27768385460693,165.1920963651733,207.10650887573968
7784,323,Ryan,Gravenberch,Liverpool,MID,50,90,a,24,2.0931952662721893,2.6226415094339623,24.146502535925613,51.13377007607777,71.01912510566356,95.16562764158917,119.31213017751477
7859,326,Ibrahima,Konaté,Liverpool,DEF,52,90,a,24,2.084319526627219,2.6226415094339623,18.111510791366904,33.36330935251798,48.99640287769783,68.06115107913668,79.97661870503596
7860,326,Ibrahima,Konaté,Liverpool,DEF,52,90,a,24,2.084319526627219,3.2735849056603774,14.510086455331413,26.729106628242075,39.2536023054755,54.52737752161383,64.07348703170028
7884,327,Luis,Luis Díaz,Liverpool,MID,75,90,a,24,2.8476331360946747,2.6226415094339623,32.84948224852071,69.56360946745562,96.61612426035504,129.46560650887574,162.31508875739644
7885,327,Luis,Luis Díaz,Liverpool,MID,75,87,a,24,2.8653846153846154,3.2735849056603774,33.63415750915751,71.22527472527473,98.92399267399267,132.5581501831502,166.1923076923077
7909,328,Mohamed,M.Salah,Liverpool,MID,137,87,a,24,2.9763313609467454,2.6226415094339623,45.77881093265709,96.94336432797971,134.64356156663848,180.42237249929556,226.20118343195264
7910,328,Mohamed,M.Salah,Liverpool,MID,137,90,a,24,2.8653846153846154,3.2735849056603774,50.451236263736256,106.83791208791207,148.385989010989,198.83722527472526,249.28846153846152
7935,329,Alexis,Mac Allister,Liverpool,MID,62,90,a,24,2.3328402366863905,3.2735849056603774,29.74371301775148,62.98668639053255,87.48150887573965,117.22522189349112,146.9689349112426
8084,335,Andrew,Robertson,Liverpool,DEF,59,90,a,24,2.0,2.6226415094339623,18.111510791366904,33.36330935251798,48.99640287769783,68.06115107913668,79.97661870503596
8085,335,Andrew,Robertson,Liverpool,DEF,59,68,a,24,2.0,3.2735849056603774,14.510086455331413,26.729106628242075,39.2536023054755,54.52737752161383,64.07348703170028
8109,336,Dominik,Szoboszlai,Liverpool,MID,63,90,a,24,2.8653846153846154,2.6226415094339623,38.85325091575092,82.27747252747253,114.2742673992674,153.12751831501834,191.98076923076925
8110,336,Dominik,Szoboszlai,Liverpool,MID,63,90,a,24,2.7211538461538463,3.2735849056603774,36.89755036630037,78.13598901098902,108.52220695970698,145.41975732600736,182.31730769230774
8159,338,Sepp,Van den Berg,Brentford,DEF,41,90,a,24,2.099852071005917,3.5849056603773586,10.460526315789473,20.921052631578945,30.684210526315788,40.44736842105263,47.07236842105263
8183,339,Virgil,Virgil,Liverpool,DEF,64,90,a,24,2.1264792899408285,2.6226415094339623,18.111510791366904,33.36330935251798,48.99640287769783,68.06115107913668,79.97661870503596
8184,339,Virgil,Virgil,Liverpool,DEF,64,90,a,24,2.1264792899408285,3.2735849056603774,14.510086455331413,26.729106628242075,39.2536023054755,54.52737752161383,64.07348703170028
8208,340,Manuel,Akanji,Man City,DEF,53,90,i,24,2.195266272189349,3.1037735849056602,8.86018237082067,16.10942249240122,22.553191489361705,31.413373860182375,40.27355623100304
8256,342,Bernardo,Bernardo,Man City,MID,62,90,a,24,2.0,3.1037735849056602,14.857142857142858,29.714285714285715,50.01904761904762,63.63809523809524,79.11428571428571
8400,348,Phil,Foden,Man City,MID,93,71,a,24,2.9985207100591715,3.1037735849056602,38.552409129332204,77.10481825866441,129.79311073541842,165.13281910397296,205.291578613694
8448,350,Joško,Gvardiol,Man City,DEF,59,90,a,24,2.8165680473372783,3.1037735849056602,8.86018237082067,16.10942249240122,22.553191489361705,31.413373860182375,40.27355623100304
8472,351,Erling,Haaland,Man City,FWD,147,90,a,24,3.3269230769230766,3.1037735849056602,34.69505494505494,69.39010989010988,116.80668498168497,148.61048534798533,184.75116758241757
8544,354,Mateo,Kovačić,Man City,MID,54,90,a,24,2.144230769230769,3.1037735849056602,20.217032967032967,40.434065934065934,68.06401098901098,86.5962912087912,107.65570054945054
8592,356,Matheus Luiz,Matheus N.,Man City,MID,49,90,a,24,2.1997041420118344,3.1037735849056602,18.226120033812343,36.452240067624686,61.36127078050155,78.06854747816286,97.05408918005071
8640,358,Stefan,Ortega Moreno,Man City,GK,52,90,a,24,2.0,3.1037735849056602,8.86018237082067,16.10942249240122,22.553191489361705,31.413373860182375,40.27355623100304
8736,362,John,Stones,Man City,DEF,53,90,a,24,2.0,3.1037735849056602,8.86018237082067,16.10942249240122,22.553191489361705,31.413373860182375,40.27355623100304
8784,364,Amad,Amad,Man Utd,MID,56,90,a,24,2.8986686390532546,3.330188679245283,35.75024654832347,56.17895886165117,94.99351225697379,123.08299168779936,158.83323823612284
8832,366,Bruno,B.Fernandes,Man Utd,MID,83,90,a,24,2.8920118343195265,3.330188679245283,30.36612426035503,47.71819526627219,80.68713017751479,104.54622781065089,134.91235207100593
8904,369,Diogo,Dalot,Man Utd,DEF,50,90,a,24,2.099852071005917,3.330188679245283,9.759206798866856,23.271954674220964,35.583569405099155,45.34277620396601,60.35694050991502
8976,372,Alejandro,Garnacho,Man Utd,MID,59,90,a,24,2.514792899408284,3.330188679245283,23.471400394477318,36.8836291913215,62.366863905325445,80.80867850098619,104.2800788954635
9096,377,Harry,Maguire,Man Utd,DEF,49,90,a,24,2.0665680473372783,3.330188679245283,9.759206798866856,23.271954674220964,35.583569405099155,45.34277620396601,60.35694050991502
9120,378,Kobbie,Mainoo,Man Utd,MID,52,69,a,24,2.0177514792899407,3.330188679245283,17.823471400394475,28.00831220061989,47.35950972104818,61.363665821358126,79.18713722175261
9168,380,Lisandro,Martinez,Man Utd,DEF,44,81,i,24,2.0665680473372783,3.330188679245283,9.759206798866856,23.271954674220964,35.583569405099155,45.34277620396601,60.35694050991502
9240,383,André,Onana,Man Utd,GK,50,90,a,24,2.0,3.330188679245283,9.759206798866856,23.271954674220964,35.583569405099155,45.34277620396601,60.35694050991502
9360,388,Aaron,Wan-Bissaka,West Ham,DEF,45,90,a,24,2.022189349112426,3.018867924528302,10.765624999999998,19.875,31.46875,39.75,51.34375
9504,394,Bruno,Bruno G.,Newcastle,MID,61,86,a,24,2.099852071005917,3.160377358490566,28.04802409129332,52.79628064243448,71.93493237531698,101.63284023668638,124.73121301775146
9528,395,Dan,Burn,Newcastle,DEF,44,90,d,24,2.217455621301775,3.160377358490566,12.656716417910447,26.104477611940297,37.179104477611936,52.208955223880594,68.02985074626865
9552,396,Martin,Dúbravka,Newcastle,GK,43,90,a,24,2.0,3.160377358490566,12.656716417910447,26.104477611940297,37.179104477611936,52.208955223880594,68.02985074626865
9600,398,Anthony,Gordon,Newcastle,MID,77,90,d,24,2.6390532544378695,3.160377358490566,34.18202310510002,64.3426317272471,87.66683572837417,123.85956607495066,152.00946745562126
9624,399,Lewis,Hall,Newcastle,DEF,51,86,a,24,2.0554733727810652,3.160377358490566,12.656716417910447,26.104477611940297,37.179104477611936,52.208955223880594,68.02985074626865
9672,401,Alexander,Isak,Newcastle,FWD,95,90,a,24,3.3136094674556213,3.160377358490566,53.64891518737672,100.9861932938856,137.59368836291912,194.39842209072978,238.57988165680473
9696,402,Jacob,J.Murphy,Newcastle,MID,51,86,a,24,2.1597633136094676,3.160377358490566,28.848267117497887,54.30262045646661,73.98732037193577,104.53254437869823,128.28994082840237
9720,403,Joelinton Cássio,Joelinton,Newcastle,MID,60,63,i,24,2.4171597633136095,3.160377358490566,26.416103127641588,49.72442941673711,67.74953508030431,95.71952662721894,117.47396449704142
9864,409,Tino,Livramento,Newcastle,DEF,45,63,a,24,2.05103550295858,3.160377358490566,12.656716417910447,26.104477611940297,37.179104477611936,52.208955223880594,68.02985074626865
10008,415,Fabian,Schär,Newcastle,DEF,54,90,a,24,2.1508875739644973,3.160377358490566,12.656716417910447,26.104477611940297,37.179104477611936,52.208955223880594,68.02985074626865
10056,417,Sandro,Tonali,Newcastle,MID,55,90,a,24,2.421597633136095,3.160377358490566,30.385284587207668,57.19582981121444,77.92931811777967,110.10197238658779,135.1251479289941
10176,422,Ola,Aina,Nottingham Forest,DEF,54,90,a,24,2.0,3.018867924528302,12.421875,23.1875,35.775,49.853125,63.93125
10200,423,Elliot,Anderson,Nottingham Forest,MID,50,81,a,24,2.022189349112426,3.018867924528302,22.38852493660186,38.806776556776555,56.12056917441532,81.49423076923077,106.86789236404621
10344,429,Danilo,Danilo,Nottingham Forest,MID,47,64,a,24,2.0,3.018867924528302,17.857142857142858,30.952380952380953,44.76190476190476,65.0,85.23809523809524
10416,432,Anthony,Elanga,Nottingham Forest,MID,53,90,a,24,2.3439349112426036,3.018867924528302,29.71774619611158,51.51076007326007,74.49248379825303,108.17259615384616,141.85270850943928
10440,433,Morgan,Gibbs-White,Nottingham Forest,MID,64,71,a,24,2.616863905325444,3.018867924528302,33.17809594251902,57.508699633699635,83.16642716258102,120.76826923076925,158.37011129895748
10512,436,Murillo,Murillo,Nottingham Forest,DEF,47,71,a,24,2.022189349112426,3.018867924528302,12.421875,23.1875,35.775,49.853125,63.93125
10536,437,Neco,N.Williams,Nottingham Forest,DEF,44,90,a,24,2.2662721893491122,3.018867924528302,12.421875,23.1875,35.775,49.853125,63.93125
10680,443,Matz,Sels,Nottingham Forest,GK,50,90,a,24,2.0,3.018867924528302,12.421875,23.1875,35.775,49.853125,63.93125
10776,447,Chris,Wood,Nottingham Forest,FWD,70,81,a,24,3.6930473372781067,3.018867924528302,57.37412827557058,99.448489010989,143.81781487743024,208.8418269230769,273.86583896872355
10897,452,Joe,Aribo,Southampton,MID,49,90,a,24,2.1886094674556213,4.264150943396226,19.69748520710059,37.75351331360947,52.85491863905325,65.98657544378698,86.50478920118343
10969,455,Jan,Bednarek,Southampton,DEF,40,90,a,24,2.3550295857988166,4.264150943396226,4.690265486725664,11.139380530973453,17.23672566371682,23.68584070796461,31.014380530973458
11017,457,James,Bree,Southampton,DEF,39,90,a,24,2.026627218934911,4.264150943396226,4.690265486725664,11.139380530973453,17.23672566371682,23.68584070796461,31.014380530973458
11329,470,Paul,Onuachu,Southampton,FWD,49,90,a,24,2.3483727810650885,4.264150943396226,20.799873203719358,39.8664236404621,55.81299309664694,69.67957523245985,91.34610981966752
11473,476,Kyle,Walker-Peters,Southampton,DEF,43,90,a,24,2.044378698224852,4.264150943396226,4.690265486725664,11.139380530973453,17.23672566371682,23.68584070796461,31.014380530973458
11569,480,Rodrigo,Bentancur,Spurs,MID,49,90,a,24,2.026627218934911,3.3867924528301883,18.818681318681318,38.89194139194139,63.983516483516475,84.05677655677655,103.50274725274724
11617,482,Yves,Bissouma,Spurs,MID,48,67,a,24,2.039940828402367,3.3867924528301883,18.5780325443787,38.394600591715985,63.165310650887584,82.98187869822486,102.17917899408285
11665,484,Ben,Davies,Spurs,DEF,43,90,a,24,2.039940828402367,3.3867924528301883,10.334261838440113,22.883008356545965,31.445682451253486,37.35097493036212,49.89972144846797
11785,489,Archie,Gray,Spurs,MID,46,90,a,24,2.0,3.3867924528301883,19.28571428571429,39.85714285714286,65.57142857142858,86.14285714285715,106.07142857142858
11857,492,Dejan,Kulusevski,Spurs,MID,64,90,a,24,2.399408284023669,3.3867924528301883,26.99334319526627,55.78624260355029,91.77736686390531,120.57026627218934,148.4633875739645
11929,495,Pedro,Pedro Porro,Spurs,DEF,54,90,a,24,2.122041420118343,3.3867924528301883,10.334261838440113,22.883008356545965,31.445682451253486,37.35097493036212,49.89972144846797
11977,497,Richarlison,Richarlison,Spurs,FWD,68,78,i,24,2.543639053254438,3.3867924528301883,27.253275570583263,56.323436179205416,92.6611369399831,121.73129754860524,149.89301563820794
12121,503,Son,Son,Spurs,MID,98,90,a,24,2.2884615384615383,3.3867924528301883,28.19711538461538,58.27403846153845,95.87019230769229,125.94711538461536,155.08413461538458
12145,504,Djed,Spence,Spurs,DEF,44,90,a,24,2.033284023668639,3.3867924528301883,10.334261838440113,22.883008356545965,31.445682451253486,37.35097493036212,49.89972144846797
12361,513,Alphonse,Areola,West Ham,GK,42,90,a,24,2.0,3.018867924528302,10.765624999999998,19.875,31.46875,39.75,51.34375
12385,514,Jarrod,Bowen,West Ham,MID,73,90,a,24,2.11094674556213,3.018867924528302,18.621565934065934,32.94584742180896,52.9998415046492,65.89169484361793,77.35112003381235
12433,516,Vladimír,Coufal,West Ham,DEF,41,71,a,24,2.0,3.018867924528302,10.765624999999998,19.875,31.46875,39.75,51.34375
12457,517,Aaron,Cresswell,West Ham,DEF,39,86,a,24,2.044378698224852,3.018867924528302,10.765624999999998,19.875,31.46875,39.75,51.34375
12529,520,Emerson,Emerson,West Ham,DEF,44,70,a,24,2.2329881656804735,3.018867924528302,10.765624999999998,19.875,31.46875,39.75,51.34375
12625,524,Max,Kilman,West Ham,DEF,43,90,a,24,2.0,3.018867924528302,10.765624999999998,19.875,31.46875,39.75,51.34375
12649,525,Mohammed,Kudus,West Ham,MID,62,90,a,24,2.514792899408284,3.018867924528302,21.405677655677657,37.87158354466047,60.92385178923641,75.74316708932093,88.91589180050718
12769,530,Tomáš,Souček,West Ham,MID,49,90,a,24,2.217455621301775,3.018867924528302,19.90430402930403,35.21530712876867,56.65071146801917,70.43061425753734,82.67941673710905
12841,533,Rayan,Aït-Nouri,Wolves,DEF,47,72,a,24,2.044378698224852,3.330188679245283,8.257790368271955,17.26628895184136,26.875354107648725,40.388101983002834,52.024079320113316
12889,535,Jean-Ricner,Bellegarde,Wolves,MID,49,87,a,24,2.122041420118343,3.330188679245283,13.869056424344885,29.279119118061423,47.15479184277261,71.81089215271908,95.69648932797972
13033,541,Matheus,Cunha,Wolves,FWD,68,90,a,24,2.6834319526627217,3.330188679245283,16.96312341504649,35.8110383206537,57.674619611158064,87.8312834601296,117.04555156382078
13081,543,Matt,Doherty,Wolves,DEF,43,90,a,24,2.173076923076923,3.330188679245283,8.257790368271955,17.26628895184136,26.875354107648725,40.388101983002834,52.024079320113316
13201,548,Gonçalo Manuel,Guedes,Wolves,MID,53,72,a,24,2.798816568047337,3.330188679245283,16.193153000845307,34.18554522400676,55.05672020287405,83.84454775993237,111.73275570583262
13345,554,José,José Sá,Wolves,GK,43,90,a,24,2.0,3.330188679245283,8.257790368271955,17.26628895184136,26.875354107648725,40.388101983002834,52.024079320113316
13465,559,Nélson,N.Semedo,Wolves,DEF,45,90,a,24,2.011094674556213,3.330188679245283,8.257790368271955,17.26628895184136,26.875354107648725,40.388101983002834,52.024079320113316
13609,565,Pablo,Sarabia,Wolves,MID,50,78,a,24,2.4837278106508878,3.330188679245283,15.168480557903637,32.02234784446323,51.57283389687237,78.53902155536773,104.6625158495351
13657,567,Toti António,Toti,Wolves,DEF,43,90,a,24,2.0,3.330188679245283,8.257790368271955,17.26628895184136,26.875354107648725,40.388101983002834,52.024079320113316
13681,568,Arijanet,Muric,Ipswich,GK,44,90,a,24,2.0,3.3867924528301883,6.643454038997215,15.50139275766017,24.949860724233986,33.06963788300836,41.18941504178274
13753,571,Sávio 'Savinho',Sávio,Man City,MID,63,90,a,24,2.2884615384615383,3.1037735849056602,18.634615384615383,37.26923076923077,62.73653846153846,79.81826923076923,99.22932692307693
13777,572,Leny,Yoro,Man Utd,DEF,43,90,a,24,2.0710059171597632,3.330188679245283,9.759206798866856,23.271954674220964,35.583569405099155,45.34277620396601,60.35694050991502
13801,573,Nikola,Milenković,Nottingham Forest,DEF,48,90,a,24,2.133136094674556,3.018867924528302,12.421875,23.1875,35.775,49.853125,63.93125
13873,576,Andy,Irving,West Ham,MID,48,76,a,24,2.05103550295858,3.018867924528302,15.871108058608057,28.079652719075796,45.17161524373063,56.15930543815159,65.92614116652578
13897,577,Jesper,Lindstrøm,Everton,MID,50,74,a,24,2.2485207100591715,2.5943396226415096,19.487179487179485,34.47731755424063,55.46351084812623,70.45364891518737,91.43984220907296
13898,577,Jesper,Lindstrøm,Everton,MID,50,76,a,24,2.155325443786982,2.509433962264151,18.67948717948718,33.048323471400394,53.16469428007889,67.5335305719921,87.6499013806706
13970,580,Dean,Huijsen,Bournemouth,DEF,44,90,a,24,2.0710059171597632,3.3584905660377355,11.910112359550562,25.308988764044948,36.623595505617985,45.55617977528091,60.44382022471912
13994,581,Filip,Jørgensen,Chelsea,GK,42,90,a,24,2.0,2.9905660377358494,10.86750788643533,18.39116719242902,34.10725552050473,49.15457413249211,58.35015772870662
14018,582,Jake,O'Brien,Everton,DEF,45,90,a,24,2.0,2.5943396226415096,9.636363636363635,28.909090909090907,40.08727272727272,51.65090909090908,70.92363636363635
14019,582,Jake,O'Brien,Everton,DEF,45,90,a,24,2.0,2.509433962264151,9.962406015037594,29.887218045112782,41.44360902255639,53.3984962406015,73.32330827067669
14091,585,Ismaïla,I.Sarr,Crystal Palace,MID,57,90,a,24,2.2773668639053253,2.6792452830188678,29.768438292476752,52.921668075514226,84.01314806987884,112.12778423499577,125.35820125387433
14307,594,Noussair,Mazraoui,Man Utd,DEF,43,69,a,24,2.011094674556213,3.330188679245283,9.759206798866856,23.271954674220964,35.583569405099155,45.34277620396601,60.35694050991502
14379,597,Myles,Lewis-Skelly,Arsenal,MID,45,89,a,24,2.022189349112426,2.4245283018867925,23.832945900253595,46.341839250493095,63.28971189067343,83.15050014088476,105.65939349112426
14403,598,Lamare,Bogarde,Aston Villa,DEF,40,82,a,24,2.022189349112426,2.9905660377358494,14.21135646687697,25.078864353312298,32.76971608832807,42.80126182965299,51.9968454258675
14883,618,Georginio,Georginio,Brighton,MID,51,90,a,24,2.350591715976331,3.1037735849056602,26.02440828402367,55.518737672583825,77.72623274161735,98.54575936883629,128.04008875739643
14906,619,Jens,Cajuste,Ipswich,MID,45,76,a,24,2.022189349112426,3.3867924528301883,14.034957030149338,28.069914060298675,42.87041420118343,60.73308678500986,74.7680438151592
14975,622,Sander,Berge,Fulham,MID,50,90,a,24,2.0,2.19811320754717,16.714285714285715,32.142857142857146,51.68571428571429,74.82857142857144,88.97142857142858
14998,623,Mateus Gonçalo,M.Fernandes,Southampton,MID,50,90,a,24,2.6612426035502956,4.264150943396226,22.430473372781062,42.9917406311637,60.18843688362918,75.14208579881655,98.50716222879683
15158,630,Dara,O'Shea,Ipswich,DEF,40,90,a,24,2.0665680473372783,3.3867924528301883,6.643454038997215,15.50139275766017,24.949860724233986,33.06963788300836,41.18941504178274
15268,635,Bilal,El Khannouss,Leicester,MID,48,90,a,24,2.084319526627219,3.5283018867924527,13.84583685545224,33.845378979994365,55.38334742180896,70.76761059453368,83.07502113271345
15423,642,André,André,Wolves,MID,50,90,a,24,2.0,3.330188679245283,11.785714285714286,24.88095238095238,40.07142857142857,61.02380952380952,81.32142857142857
15597,650,Maxence,Lacroix,Crystal Palace,DEF,45,90,a,24,2.1997041420118344,2.6792452830188678,13.996478873239438,28.926056338028168,43.109154929577464,56.17253521126761,69.23591549295774
15640,652,Manuel,Ugarte,Man Utd,MID,49,86,a,24,2.0554733727810652,3.330188679245283,17.128944773175544,26.91691321499014,45.51405325443787,58.97250986193294,76.10145463510848
15661,653,Felipe,Morato,Nottingham Forest,DEF,45,90,a,24,2.0554733727810652,3.018867924528302,12.421875,23.1875,35.775,49.853125,63.93125
15682,654,Carlos,C.Soler,West Ham,MID,50,76,a,24,2.0821005917159763,3.018867924528302,19.656021062271062,34.77603726401803,55.94405994646379,69.55207452803606,81.64808748943364
